model_name,split,precision,recall,f1,tp,fp,fn,count_mae,annotated_frames
baseline_bandpass,holdout,0.8857958600999286,0.8494182067077344,0.86722571628232,1241,160,220,6.5,16
background_subtracted,holdout,0.8157232704402516,0.8877481177275839,0.8502130449033104,1297,293,164,10.9375,16
rescored_union,holdout,0.9041697147037308,0.8459958932238193,0.8741159830268741,1236,131,225,7.625,16
rescored_union,all_annotated,0.9095163806552262,0.8415734391916275,0.8742268041237112,2332,232,439,7.833333333333333,30
