{
  "split": {
    "blocks": [
      [
        0,
        1,
        2,
        3,
        4,
        5
      ],
      [
        8,
        9,
        10,
        11,
        12
      ],
      [
        20
      ],
      [
        30
      ],
      [
        40
      ],
      [
        48,
        49,
        50,
        51,
        52,
        53
      ],
      [
        60
      ],
      [
        70
      ],
      [
        78,
        79,
        80,
        81,
        82
      ],
      [
        86,
        87,
        88
      ]
    ],
    "train_frames": [
      0,
      1,
      2,
      3,
      4,
      5,
      20,
      40,
      60,
      78,
      79,
      80,
      81,
      82
    ],
    "holdout_frames": [
      8,
      9,
      10,
      11,
      12,
      30,
      48,
      49,
      50,
      51,
      52,
      53,
      70,
      86,
      87,
      88
    ]
  },
  "baseline_params": {
    "small_sigma": 1.2,
    "big_sigma": 11.0,
    "threshold_abs": 20.5,
    "min_distance": 5,
    "min_net_intensity_p90": 31.0,
    "min_net_intensity_mean": 9.0
  },
  "background_subtracted_params": {
    "small_sigma": 1.2,
    "big_sigma": 9.0,
    "threshold_abs": 20.0,
    "min_distance": 5,
    "min_net_intensity_p90": 27.0,
    "min_net_intensity_mean": 9.0
  },
  "rescoring_params": {
    "merge_radius": 3.0,
    "support_radius": 8.0,
    "positive_tol": 4.0,
    "negative_tol": 7.0,
    "positive_weight": 2.0,
    "l2_reg": 0.01,
    "learning_rate": 0.05,
    "num_steps": 2500
  },
  "feature_columns": [
    "filtered_peak",
    "net_intensity_mean",
    "net_intensity_peak",
    "net_intensity_p90",
    "raw_signal_peak",
    "raw_signal_mean",
    "raw_background_median",
    "source_baseline",
    "source_bgsub",
    "branch_agreement",
    "base_filtered_peak",
    "base_net_intensity_p90",
    "base_net_intensity_mean",
    "bgsub_filtered_peak",
    "bgsub_net_intensity_p90",
    "bgsub_net_intensity_mean",
    "base_prev_support",
    "base_next_support",
    "bg_prev_support",
    "bg_next_support",
    "temporal_support_sum",
    "temporal_support_any"
  ],
  "score_threshold": 0.81,
  "weights": [
    0.32863134789588383,
    0.3999098156158762,
    0.07942617450522561,
    0.2834246689183914,
    0.11054340522134887,
    0.4410499393101003,
    0.18905460692129536,
    0.14983162110280537,
    -0.12415711656115769,
    0.11986245453784172,
    0.3091682438318731,
    0.17033388770683705,
    0.30263557666885915,
    0.33419029615037055,
    0.25939835294545477,
    0.3852160333681854,
    -0.04627843115047912,
    -0.21101270257008345,
    -0.003437106503139731,
    0.3418336579216527,
    0.02455699509149081,
    -0.16197687198849173,
    4.446177615226318
  ],
  "feature_mean": [
    36.24820463487203,
    20.466359992024056,
    75.87923576063446,
    51.247656813266055,
    191.13121845710165,
    135.71834268849125,
    115.2519826964672,
    0.886085075702956,
    0.9949531362653208,
    0.8810382119682768,
    33.40726057298766,
    47.272458543619315,
    19.302040867064076,
    35.95583782182293,
    51.04491708723866,
    20.395071202535657,
    0.48954578226387885,
    0.48954578226387885,
    0.5263157894736842,
    0.5270367700072098,
    2.0324441240086517,
    0.6834895457822638
  ],
  "feature_std": [
    16.204948537033264,
    10.39100047915815,
    22.599783098504012,
    17.982757099758068,
    22.872710025449468,
    11.084631436575073,
    3.879370879319385,
    0.3177079072346843,
    0.07086178731250534,
    0.3237435420514493,
    19.635725668625934,
    23.97770996742949,
    11.92620128115852,
    16.105732632389397,
    18.319666717921116,
    10.467774902549895,
    0.4998906973844639,
    0.49989069738446384,
    0.49930699897395464,
    0.49926847794305745,
    1.642430368631685,
    0.4651145951146001
  ],
  "train_candidate_count": 1391,
  "train_fit_count": 1387,
  "holdout_candidate_count": 1596
}